{
	"version": 1,
	"changelists": [
		{
			"guid": "00000000000000000000000000000000",
			"description": "Default Uncontrolled Changelist",
			"files": [
				"C:/Users/Owner/Documents/Unreal Projects/Overfished/Overfished/Overfished/Content/OVERFISHED/Levels/Fishing.umap",
				"C:/Users/Owner/Documents/Unreal Projects/Overfished/Overfished/Overfished/Content/OVERFISHED/Blueprints/BP_Fish.uasset",
				"C:/Users/Owner/Documents/Unreal Projects/Overfished/Overfished/Overfished/Content/OVERFISHED/Input/IMC_Boat.uasset",
				"C:/Users/Owner/Documents/Unreal Projects/Overfished/Overfished/Overfished/Content/OVERFISHED/Blueprints/BP_Boat.uasset",
				"C:/Users/Owner/Documents/Unreal Projects/Overfished/Overfished/Overfished/Content/OVERFISHED/Input/IA_CatchFish.uasset",
				"C:/Users/Owner/Documents/Unreal Projects/Overfished/Overfished/Overfished/Content/OVERFISHED/Input/IA_Mash.uasset",
				"C:/Users/Owner/Documents/Unreal Projects/Overfished/Overfished/Overfished/Content/OVERFISHED/Blueprints/BP_FishSpawner.uasset",
				"C:/Users/Owner/Documents/Unreal Projects/Overfished/Overfished/Overfished/Content/OVERFISHED/Materials/Goldl.uasset",
				"C:/Users/Owner/Documents/Unreal Projects/Overfished/Overfished/Overfished/Content/OVERFISHED/Blueprints/HUD_Class.uasset",
				"C:/Users/Owner/Documents/Unreal Projects/Overfished/Overfished/Overfished/Content/OVERFISHED/Blueprints/WBP_HUD.uasset",
				"C:/Users/Owner/Documents/Unreal Projects/Overfished/Overfished/Overfished/Content/OVERFISHED/Blueprints/WBP_EOG.uasset",
				"C:/Users/Owner/Documents/Unreal Projects/Overfished/Overfished/Overfished/Content/OVERFISHED/Levels/Fishing2.umap",
				"C:/Users/Owner/Documents/Unreal Projects/Overfished/Overfished/Overfished/Content/OVERFISHED/Textures/BonusFishRing.uasset",
				"C:/Users/Owner/Documents/Unreal Projects/Overfished/Overfished/Overfished/Content/OVERFISHED/Levels/MainMenu.umap",
				"C:/Users/Owner/Documents/Unreal Projects/Overfished/Overfished/Overfished/Content/OVERFISHED/UI/MainMenu.uasset",
				"C:/Users/Owner/Documents/Unreal Projects/Overfished/Overfished/Overfished/Content/OVERFISHED/GameModeFishing.uasset",
				"C:/Users/Owner/Documents/Unreal Projects/Overfished/Overfished/Overfished/Content/OVERFISHED/Blueprints/BP_BoatPlayerController.uasset",
				"C:/Users/Owner/Documents/Unreal Projects/Overfished/Overfished/Overfished/Content/OVERFISHED/UI/WBP_EOG.uasset",
				"C:/Users/Owner/Documents/Unreal Projects/Overfished/Overfished/Overfished/Content/OVERFISHED/UI/WBP_HUD.uasset",
				"C:/Users/Owner/Documents/Unreal Projects/Overfished/Overfished/Overfished/Content/ThirdPerson/Blueprints/BP_ThirdPersonGameMode.uasset",
				"C:/Users/Owner/Documents/Unreal Projects/Overfished/Overfished/Overfished/Content/OVERFISHED/Blueprints/BP_ThirdPersonCharacter.uasset",
				"C:/Users/Owner/Documents/Unreal Projects/Overfished/Overfished/Overfished/Content/ThirdPerson/Blueprints/BP_ThirdPersonCharacter.uasset",
				"C:/Users/Owner/Documents/Unreal Projects/Overfished/Overfished/Overfished/Content/OVERFISHED/Levels/LetsGoFishing.umap",
				"C:/Users/Owner/Documents/Unreal Projects/Overfished/Overfished/Overfished/Content/OVERFISHED/Levels/MainMenu_HLODLayer_Instanced.uasset",
				"C:/Users/Owner/Documents/Unreal Projects/Overfished/Overfished/Overfished/Content/OVERFISHED/Levels/MainMenu_HLODLayer_Merged.uasset",
				"C:/Users/Owner/Documents/Unreal Projects/Overfished/Overfished/Overfished/Content/__ExternalActors__/OVERFISHED/Levels/MainMenu/0/CK/65SOLO6EMW44M73WVTWG8S.uasset",
				"C:/Users/Owner/Documents/Unreal Projects/Overfished/Overfished/Overfished/Content/__ExternalActors__/OVERFISHED/Levels/MainMenu/2/RU/57IQC8NZ5GPBW1Z1UXJYRZ.uasset",
				"C:/Users/Owner/Documents/Unreal Projects/Overfished/Overfished/Overfished/Content/UI/MainMenu.uasset",
				"C:/Users/Owner/Documents/Unreal Projects/Overfished/Overfished/Overfished/Content/OVERFISHED/Textures/overfishing-shark-fins.uasset"
			]
		}
	]
}